{"cameraMode":{"drawMode":0,"name":"Shaded","section":"Shading Mode"},"sceneLighting":true,"audioPlay":false,"sceneViewState":{"m_AlwaysRefresh":false,"showFog":true,"showSkybox":true,"showFlares":true,"showImageEffects":true,"showParticleSystems":true,"showVisualEffectGraphs":true,"m_FxEnabled":true},"in2DMode":false,"pivot":{"x":3.74460768699646,"y":23.048559188842775,"z":9.63113784790039},"rotation":{"x":-0.021296141669154168,"y":-0.03388842195272446,"z":0.0007224209257401526,"w":-0.9992000460624695},"size":26.80965232849121,"orthographic":false}