{"cameraMode":{"drawMode":0,"name":"Shaded","section":"Shading Mode"},"sceneLighting":true,"audioPlay":false,"sceneViewState":{"m_AlwaysRefresh":false,"showFog":true,"showSkybox":true,"showFlares":true,"showImageEffects":true,"showParticleSystems":true,"showVisualEffectGraphs":true,"m_FxEnabled":true},"in2DMode":false,"pivot":{"x":-1.470827341079712,"y":9.799707412719727,"z":9.419025421142579},"rotation":{"x":-0.021296141669154168,"y":-0.03388842195272446,"z":0.0007224209257401526,"w":-0.9992000460624695},"size":21.420310974121095,"orthographic":false}